Encounter.catalogNumber,Name0.value,Side,Tail,Front,Quality,Juvenilles,Occurrence.occurrenceID,Encounter.decimalLatitude,Encounter.decimalLongitude,Encounter.locationID,Encounter.year,Encounter.month,Encounter.day,Encounter.hour,Encounter.minutes,Encounter.submitterOrganization,Encounter.submitterID,Encounter.genus,Encounter.specificEpithet
20bfc6cb-f40d-49d0-b671-27a6c2c57cd7,100,R,Y,,L,J,WakhanNP 564,36.971234,72.67845,C1_Avgarch,2012,10,18,0,0,WCS Afghanistan,evebohnett,Panthera,uncia
06d4a442-f532-4769-a87e-2f19fdac5c55,101,L,,F,L,,WakhanNP 567,36.971234,72.67845,C1_Avgarch,2012,10,30,0,0,WCS Afghanistan,evebohnett,Panthera,uncia
ef8523b0-1775-48b7-b6c3-50d216ec14e9,102,B,Y,,H,,WakhanNP 565,36.971234,72.67845,C1_Avgarch,2012,11,14,0,0,WCS Afghanistan,evebohnett,Panthera,uncia
75314aa0-a9c1-46a9-8af6-26e01f6bfced,102,R,,F,H,,WakhanNP 566,36.971234,72.67845,C1_Avgarch,2012,11,14,0,0,WCS Afghanistan,evebohnett,Panthera,uncia
37abd7ac-b3ad-48b1-b828-44e7f7ab88a6,102,L,,,M,,WakhanNP 568,36.971234,72.67845,C1_Avgarch,2012,11,14,0,0,WCS Afghanistan,evebohnett,Panthera,uncia
61a6ebcc-9664-4de3-85cd-b61c918a3af4,102,L,,F,H,,WakhanNP 570,36.971234,72.67845,C1_Avgarch,2012,11,17,0,0,WCS Afghanistan,evebohnett,Panthera,uncia
22065583-10a2-47a5-9248-c0ae204472a8,100,R,Y,,L,J,WakhanNP 572,37.004095,72.651549,C10_Avgarch,2012,10,30,0,0,WCS Afghanistan,evebohnett,Panthera,uncia
d92dd389-dc30-45af-a062-795f1a76d19f,101,R,,F,M,,WakhanNP 572,37.004095,72.651549,C10_Avgarch,2012,11,1,0,0,WCS Afghanistan,evebohnett,Panthera,uncia
98de54da-b180-4cb6-b981-35b5aaec8b1f,102,B,Y,F,H,,WakhanNP 574,37.004095,72.651549,C10_Avgarch,2012,11,18,0,0,WCS Afghanistan,evebohnett,Panthera,uncia
7a5ae6a6-36fa-4014-8a4a-0f43fc9851eb,114,R,Y,,M,,WakhanNP 576,36.941796,72.802346,C12_Sast,2012,12,29,0,0,WCS Afghanistan,evebohnett,Panthera,uncia
73ef18f3-140e-4e40-bd08-56db6fd1b3a8,101,B,,F,H,,WakhanNP 578,36.987537,72.637802,C14_Pikut,2012,11,8,0,0,WCS Afghanistan,evebohnett,Panthera,uncia
1137ecaf-5832-4167-b0d7-f276118ce317,102,R,,F,M,,WakhanNP 579,36.987537,72.637802,C14_Pikut,2012,11,18,0,0,WCS Afghanistan,evebohnett,Panthera,uncia
51754a23-7726-44b8-9eca-e2ec10316ee1,123,L,Y,,H,,WakhanNP 585,36.896558,72.221532,C15_Pigish,2013,1,29,0,0,WCS Afghanistan,evebohnett,Panthera,uncia
9a7071f7-b909-4e6f-bebd-3d4daf5a76e0,110,R,Y,F,H,,WakhanNP 589,36.961453,72.393618,C16_Ishmorgh,2012,12,14,0,0,WCS Afghanistan,evebohnett,Panthera,uncia
cfbebd8a-bf9b-49ec-bac9-ea18a6ececef,114,R,Y,,H,,WakhanNP 590,36.961453,72.393618,C16_Ishmorgh,2012,12,30,0,0,WCS Afghanistan,evebohnett,Panthera,uncia
5f408f6b-187f-4ae7-9892-a263d43ff7db,110,L,,,H,,b2fe3c69-1011-4332-8a03-58333e90e45f,36.95286,72.360764,C17_Yzirk,2012,12,14,15,35,WCS Afghanistan,evebohnett,Panthera,uncia
b09329d0-32bc-455e-b249-68ebc6acc982,110,B,Y,F,H,,WakhanNP 593,36.95286,72.360764,C17_Yzirk,2012,12,14,0,0,WCS Afghanistan,evebohnett,Panthera,uncia
2c5f5f56-eb3c-471b-8cda-c2e58b1a3cce,110,B,Y,F,H,,WakhanNP 598,36.95286,72.360764,C17_Yzirk,2012,12,14,0,0,WCS Afghanistan,evebohnett,Panthera,uncia
05d85d4b-8e76-443c-96d5-7dff8fb76d57,110,B,Y,F,H,,WakhanNP 600,36.95286,72.360764,C17_Yzirk,2012,12,14,0,0,WCS Afghanistan,evebohnett,Panthera,uncia
0cf45dd4-6ad2-441e-b3a1-96a959d4cfce,110,R,Y,,H,,WakhanNP 602,36.95286,72.360764,C17_Yzirk,2012,12,16,0,0,WCS Afghanistan,evebohnett,Panthera,uncia
3388dd6d-1f3c-4a83-a462-f21b1521dcc7,110,L,Y,F,H,,WakhanNP 604,36.95286,72.360764,C17_Yzirk,2012,12,16,0,0,WCS Afghanistan,evebohnett,Panthera,uncia
c39d3d70-94a5-4d32-9a87-9173ae423cd2,114,R,Y,,H,,WakhanNP 592,36.95286,72.360764,C17_Yzirk,2012,12,31,0,0,WCS Afghanistan,evebohnett,Panthera,uncia
510c09ae-1ebf-4ffe-8c7e-0a56deb6cf2e,123,R,,F,H,,63f7de6e-29b7-48b6-92cc-272a4f4888b6,36.95286,72.360764,C17_Yzirk,2013,1,27,15,43,WCS Afghanistan,evebohnett,Panthera,uncia
9ba9afd5-1299-42bd-aaf9-55f80264be09,123,B,Y,,H,,WakhanNP 603,36.95286,72.360764,C17_Yzirk,2013,1,29,0,0,WCS Afghanistan,evebohnett,Panthera,uncia
5a0a654c-9fcc-40a6-a230-3b03190674e4,110,R,Y,,H,,45d7857c-ff6c-4acd-9561-2e1d6706c522,36.916379,72.338913,C18_Khundud,2012,12,9,17,43,WCS Afghanistan,evebohnett,Panthera,uncia
53f3ddbc-67be-45e5-905c-c8c3c8fe866e,110,R,Y,,M,,9c182e4a-286a-42bc-98af-c2df89587978,36.916379,72.338913,C18_Khundud,2012,12,14,17,43,WCS Afghanistan,evebohnett,Panthera,uncia
907c7cfe-5dd3-4cf8-9223-e64c087d9ff8,110,R,,F,H,,WakhanNP 606,36.916379,72.338913,C18_Khundud,2012,12,16,0,0,WCS Afghanistan,evebohnett,Panthera,uncia
d0d81376-15d5-4e17-b880-67dbb0f2c922,110,R,Y,,H,,WakhanNP 609,36.916379,72.338913,C18_Khundud,2012,12,16,0,0,WCS Afghanistan,evebohnett,Panthera,uncia
2893ac06-a037-4118-a4d2-c31f79674f70,110,R,Y,,H,,WakhanNP 610,36.916379,72.338913,C18_Khundud,2012,12,16,0,0,WCS Afghanistan,evebohnett,Panthera,uncia
133c354a-e2a2-4ff7-9164-ba94eecd4adb,110,L,,,M,,WakhanNP 612,36.916379,72.338913,C18_Khundud,2012,12,17,0,0,WCS Afghanistan,evebohnett,Panthera,uncia
8ef5657c-3917-469c-87d7-f48556283d71,110,R,Y,,H,,WakhanNP 618,36.916379,72.338913,C18_Khundud,2012,12,21,0,0,WCS Afghanistan,evebohnett,Panthera,uncia
ec223795-7497-43ce-aca7-976213a2b707,110,L,Y,,H,,WakhanNP 619,36.916379,72.338913,C18_Khundud,2012,12,21,0,0,WCS Afghanistan,evebohnett,Panthera,uncia
739661fa-2a74-4f82-83dc-5f61dd667360,110,L,,,M,,WakhanNP 622,36.916379,72.338913,C18_Khundud,2012,12,21,0,0,WCS Afghanistan,evebohnett,Panthera,uncia
89267e86-c110-4996-9096-4d42cd6d5dda,110,L,Y,,H,,WakhanNP 623,36.916379,72.338913,C18_Khundud,2012,12,22,0,0,WCS Afghanistan,evebohnett,Panthera,uncia
bfef9f80-2e00-43ff-950d-18b4427889c5,114,L,,,H,,WakhanNP 607,36.916379,72.338913,C18_Khundud,2012,12,31,0,0,WCS Afghanistan,evebohnett,Panthera,uncia
441f555b-9996-413e-9f74-8693292f5e08,114,B,Y,,H,,WakhanNP 611,36.916379,72.338913,C18_Khundud,2012,12,31,0,0,WCS Afghanistan,evebohnett,Panthera,uncia
cf06477c-c980-4924-982a-861af0dfde80,114,R,Y,,H,,WakhanNP 613,36.916379,72.338913,C18_Khundud,2012,12,31,0,0,WCS Afghanistan,evebohnett,Panthera,uncia
e3205036-8243-4356-8010-b6031e4aefc4,114,R,Y,,M,,WakhanNP 614,36.916379,72.338913,C18_Khundud,2012,12,31,0,0,WCS Afghanistan,evebohnett,Panthera,uncia
0850bf9f-b8d8-40fd-8372-9483fca0edab,114,L,,F,H,,WakhanNP 615,36.916379,72.338913,C18_Khundud,2013,1,1,0,0,WCS Afghanistan,evebohnett,Panthera,uncia
9c69fae4-509e-47f5-9072-0fdbc7710482,114,L,,F,H,,WakhanNP 616,36.916379,72.338913,C18_Khundud,2013,1,1,0,0,WCS Afghanistan,evebohnett,Panthera,uncia
b12b7503-b807-4464-91a7-c93466ea0c15,114,L,,F,H,,WakhanNP 617,36.916379,72.338913,C18_Khundud,2013,1,1,0,0,WCS Afghanistan,evebohnett,Panthera,uncia
4c89cfa5-2cec-4af0-93fe-7a9bc4cd0ba6,114,B,Y,,H,,WakhanNP 620,36.916379,72.338913,C18_Khundud,2013,1,5,0,0,WCS Afghanistan,evebohnett,Panthera,uncia
f7de6d2a-b684-49c6-a249-c7f43aadad6b,114,L,,F,H,,WakhanNP 624,36.916379,72.338913,C18_Khundud,2013,1,6,0,0,WCS Afghanistan,evebohnett,Panthera,uncia
3a926ec6-799d-47f3-9eb6-4e4dc5850233,123,L,,,H,,WakhanNP 605,36.916379,72.338913,C18_Khundud,2013,1,30,0,0,WCS Afghanistan,evebohnett,Panthera,uncia
9bd6fd4d-c7a9-4f36-8d9d-1a4ddbfb2b00,123,R,Y,,H,,WakhanNP 608,36.916379,72.338913,C18_Khundud,2013,1,30,0,0,WCS Afghanistan,evebohnett,Panthera,uncia
05e33ba5-4fd9-49cb-9973-64d4b73fbe23,123,R,Y,,H,,WakhanNP 625,36.916379,72.338913,C18_Khundud,2013,1,30,0,0,WCS Afghanistan,evebohnett,Panthera,uncia
db0c4d83-6977-4ee1-bcd7-68aa24814549,131,R,Y,,H,,WakhanNP 621,36.916379,72.338913,C18_Khundud,2013,2,17,0,0,WCS Afghanistan,evebohnett,Panthera,uncia
5fa21efd-6f40-4d1c-8dd5-8fd4c7fb62ff,110,L,,,H,,WakhanNP 626,36.934386,72.345831,C19_Khundud,2012,12,22,0,0,WCS Afghanistan,evebohnett,Panthera,uncia
c2c4d288-f57e-480a-90fe-a8e19084c5a0,110,L,Y,F,H,,WakhanNP 628,36.934386,72.345831,C19_Khundud,2012,12,24,0,0,WCS Afghanistan,evebohnett,Panthera,uncia
4176bd02-4b1c-4692-9a0d-e33087f52c09,110,R,Y,F,H,,WakhanNP 629,36.934386,72.345831,C19_Khundud,2012,12,24,0,0,WCS Afghanistan,evebohnett,Panthera,uncia
5a989705-1710-4438-8918-7c5eb982c665,110,B,Y,F,H,,WakhanNP 630,36.934386,72.345831,C19_Khundud,2012,12,25,0,0,WCS Afghanistan,evebohnett,Panthera,uncia
af033316-1cfd-4d78-8a67-2ebb5dc2971f,110,R,,F,M,,WakhanNP 631,36.934386,72.345831,C19_Khundud,2012,12,25,0,0,WCS Afghanistan,evebohnett,Panthera,uncia
bdf28681-cd5d-4d2a-a1dc-a63b7b3ade71,110,R,Y,F,L,,WakhanNP 632,36.934386,72.345831,C19_Khundud,2012,12,25,0,0,WCS Afghanistan,evebohnett,Panthera,uncia
3e9d38d9-df95-4723-9f2f-1e5234e21dd8,106,B,Y,,H,,WakhanNP 633,36.921606,72.799816,C2_Sast,2012,12,5,0,0,WCS Afghanistan,evebohnett,Panthera,uncia
06f0f632-c2c9-4c1b-8c83-e48f6f27c8c1,106,B,Y,F,H,,WakhanNP 634,36.921606,72.799816,C2_Sast,2012,12,5,0,0,WCS Afghanistan,evebohnett,Panthera,uncia
b5eb9875-009a-4ca6-8c11-ffc3b85a6684,110,B,Y,,H,,WakhanNP 636,36.924977,72.291943,C20_Yamit,2012,12,25,0,0,WCS Afghanistan,evebohnett,Panthera,uncia
84b81e26-5655-4e57-97d8-a75181a7ffb6,110,B,Y,,H,,WakhanNP 638,36.924977,72.291943,C20_Yamit,2012,12,25,0,0,WCS Afghanistan,evebohnett,Panthera,uncia
3fa1fbe3-588f-4cad-a095-452083222c6c,110,B,,F,H,,WakhanNP 641,36.924977,72.291943,C20_Yamit,2012,12,25,0,0,WCS Afghanistan,evebohnett,Panthera,uncia
4a8db93a-1cdf-4650-9820-9ccdadec479e,110,B,Y,,H,,WakhanNP 644,36.924977,72.291943,C20_Yamit,2012,12,25,0,0,WCS Afghanistan,evebohnett,Panthera,uncia
f8a49eb2-6a73-462c-8cb5-4d34e0d5572f,110,B,Y,,H,,WakhanNP 645,36.924977,72.291943,C20_Yamit,2012,12,25,0,0,WCS Afghanistan,evebohnett,Panthera,uncia
3e85d092-b12c-4acb-b3cc-3ec728799734,110,L,Y,,H,,WakhanNP 649,36.924977,72.291943,C20_Yamit,2012,12,25,0,0,WCS Afghanistan,evebohnett,Panthera,uncia
7df6f2f9-cf66-4f7f-aaff-1cfa75a3833e,114,B,,F,H,,WakhanNP 635,36.924977,72.291943,C20_Yamit,2013,1,8,0,0,WCS Afghanistan,evebohnett,Panthera,uncia
6a189b69-1bc3-4fa5-a3d2-7670b3e02d14,114,B,,F,H,,WakhanNP 639,36.924977,72.291943,C20_Yamit,2013,1,8,0,0,WCS Afghanistan,evebohnett,Panthera,uncia
96f09ac9-d9cb-4dea-b25a-f46c77795992,114,B,,F,H,,WakhanNP 640,36.924977,72.291943,C20_Yamit,2013,1,8,0,0,WCS Afghanistan,evebohnett,Panthera,uncia
56166da2-c071-4b7b-9dc5-78b516d6ae6d,114,R,,F,M,,WakhanNP 642,36.924977,72.291943,C20_Yamit,2013,1,8,0,0,WCS Afghanistan,evebohnett,Panthera,uncia
ed4145e2-e542-4975-a26f-c20b553ccb05,114,B,,F,H,,WakhanNP 643,36.924977,72.291943,C20_Yamit,2013,1,9,0,0,WCS Afghanistan,evebohnett,Panthera,uncia
f64ef778-ae03-4f7e-af20-192057632320,114,B,Y,,H,,WakhanNP 646,36.924977,72.291943,C20_Yamit,2013,1,10,0,0,WCS Afghanistan,evebohnett,Panthera,uncia
88b3fd7c-5a99-4fce-9207-bede6074f8bb,114,L,,F,H,,WakhanNP 647,36.924977,72.291943,C20_Yamit,2013,1,10,0,0,WCS Afghanistan,evebohnett,Panthera,uncia
aba16818-e0de-4b46-b953-fa87c6cd45db,114,B,,F,H,,WakhanNP 648,36.924977,72.291943,C20_Yamit,2013,1,11,0,0,WCS Afghanistan,evebohnett,Panthera,uncia
4c6f379e-6b4f-48d0-8d96-e70db12cf266,123,R,Y,,H,,WakhanNP 637,36.924977,72.291943,C20_Yamit,2013,2,1,0,0,WCS Afghanistan,evebohnett,Panthera,uncia
b26b5f4a-c709-4504-a53b-c1f68a1f6f50,110,L,Y,,H,,WakhanNP 650,36.897666,72.284987,C21_Yamit,2012,12,25,0,0,WCS Afghanistan,evebohnett,Panthera,uncia
1c1420aa-02ff-4aa8-bdef-67e774c7a0ab,110,L,Y,,H,,WakhanNP 650,36.897666,72.284987,C21_Yamit,2012,12,25,0,0,WCS Afghanistan,evebohnett,Panthera,uncia
8a2d4d78-8b2a-4e7c-bf64-81da7bc5afd5,110,T,,,H,,WakhanNP 650,36.897666,72.284987,C21_Yamit,2012,12,26,0,0,WCS Afghanistan,evebohnett,Panthera,uncia
d32ce78e-35e9-4fb4-85f8-3e8d0949e69d,110,T,,,H,,WakhanNP 650,36.897666,72.284987,C21_Yamit,2012,12,26,0,0,WCS Afghanistan,evebohnett,Panthera,uncia
ea13f35a-008d-454c-9047-d55ccd5308d5,110,R,Y,,H,,WakhanNP 650,36.897666,72.284987,C21_Yamit,2012,12,27,0,0,WCS Afghanistan,evebohnett,Panthera,uncia
89dd6c4b-0855-4b40-ae28-d443a3547591,110,R,Y,,M,,WakhanNP 650,36.897666,72.284987,C21_Yamit,2012,12,28,0,0,WCS Afghanistan,evebohnett,Panthera,uncia
63e592c5-c104-4503-9ddf-b69efe00c904,110,L,Y,,H,,WakhanNP 650,36.897666,72.284987,C21_Yamit,2012,12,28,0,0,WCS Afghanistan,evebohnett,Panthera,uncia
87fd4e0e-98ed-4b34-8f56-1308ed8eb7f2,114,L,Y,,H,,WakhanNP 653,36.897666,72.284987,C21_Yamit,2013,1,11,0,0,WCS Afghanistan,evebohnett,Panthera,uncia
4e93762c-c478-4efd-9534-8230541d1f46,123,R,Y,,H,,WakhanNP 650,36.897666,72.284987,C21_Yamit,2013,2,2,0,0,WCS Afghanistan,evebohnett,Panthera,uncia
fefd3c4e-0b15-4a59-ae7a-5a25eecff263,131,B,Y,F,H,,WakhanNP 652,36.897666,72.284987,C21_Yamit,2013,2,17,0,0,WCS Afghanistan,evebohnett,Panthera,uncia
2d79b86b-e2b5-4f47-9d37-8eb326c7a946,114,L,Y,,H,,WakhanNP 654,36.8786,72.242475,C22_Pigish,2013,1,13,0,0,WCS Afghanistan,evebohnett,Panthera,uncia
e923d6bc-3fa1-48ab-bc7e-fb0cfb1e85bd,114,L,Y,,H,,WakhanNP 655,36.8786,72.242475,C22_Pigish,2013,1,13,0,0,WCS Afghanistan,evebohnett,Panthera,uncia
fe445a4d-ec56-4bc0-86e2-a0d827836744,124,R,Y,,H,,WakhanNP 659,36.8786,72.242475,C22_Pigish,2013,2,9,0,0,WCS Afghanistan,evebohnett,Panthera,uncia
86c7c0ae-bf42-4d99-bf39-4ee1a67d9e18,124,B,Y,,H,,9b4ac2ff-bcad-4148-a1ff-68bdb83cce09,36.876084,72.199649,C24_Ragi_Jurem,2013,2,6,15,28,WCS Afghanistan,evebohnett,Panthera,uncia
e7010a79-d9aa-4084-b869-6f32e3ec03ad,124,B,Y,,H,,WakhanNP 683,36.876084,72.199649,C24_Ragi_Jurem,2013,2,10,0,0,WCS Afghanistan,evebohnett,Panthera,uncia
d479c0a5-2aa3-45c3-88fd-3723ed724652,124,R,Y,,H,,3cbcf008-a1b8-4dd5-9fa8-5255a32296db,36.854046,72.176647,C25_Pigish,2013,2,2,16,12,WCS Afghanistan,evebohnett,Panthera,uncia
1d5e3b53-8dc7-4bd7-89a6-ff62b939958a,124,L,Y,,H,,WakhanNP 690,36.854046,72.176647,C25_Pigish,2013,2,12,0,0,WCS Afghanistan,evebohnett,Panthera,uncia
2ab1e00c-cd5d-4369-8b48-ff77eab9b502,114,R,Y,,H,,WakhanNP 694,36.981192,72.528944,C26_Pak,2013,1,13,0,0,WCS Afghanistan,evebohnett,Panthera,uncia
708bd487-34cd-41e4-9433-59bd0a5fa01e,138,B,Y,F,H,,WakhanNP 696,36.77874,72.059356,C26_Wargand_Payan,2013,2,19,0,0,WCS Afghanistan,evebohnett,Panthera,uncia
f54e6935-08b5-46b1-9618-c144ecce2ea6,138,L,,F,M,,WakhanNP 698,36.77874,72.059356,C26_Wargand_Payan,2013,2,19,0,0,WCS Afghanistan,evebohnett,Panthera,uncia
9148488a-9baf-41ae-b82e-de5f09f2e000,124,B,Y,,H,,WakhanNP 727,36.826671,72.170267,C27_Ragi_Jurem,2013,2,15,0,0,WCS Afghanistan,evebohnett,Panthera,uncia
753a5438-dd8e-45b0-b980-7bcba43bb670,138,R,,,H,,WakhanNP 744,36.766373,72.034549,C28_Wargand,2013,2,21,0,0,WCS Afghanistan,evebohnett,Panthera,uncia
059e59bc-d37b-4be7-b064-5586f995e63e,138,R,,F,M,,WakhanNP 745,36.766373,72.034549,C28_Wargand,2013,2,22,0,0,WCS Afghanistan,evebohnett,Panthera,uncia
8247b76f-ffe7-42f3-a2c8-25ccaddb3040,138,R,,F,H,,WakhanNP 748,36.766373,72.034549,C28_Wargand,2013,2,22,0,0,WCS Afghanistan,evebohnett,Panthera,uncia
05f0b79f-1c57-4ba8-82b4-754a84516687,138,R,,F,H,,WakhanNP 749,36.766373,72.034549,C28_Wargand,2013,2,23,0,0,WCS Afghanistan,evebohnett,Panthera,uncia
31a23a5c-1050-4a03-8acb-71b2840c8813,102,T,Y,,H,,WakhanNP 764,36.935475,72.593515,C3_Sarkand,2012,11,18,0,0,WCS Afghanistan,evebohnett,Panthera,uncia
795a5c67-9a9a-4e43-ac10-b31d3ab88165,102,B,,F,H,,WakhanNP 767,36.935475,72.593515,C3_Sarkand,2012,11,18,0,0,WCS Afghanistan,evebohnett,Panthera,uncia
a6a992b5-9f0e-4ef5-97df-459ad6a142c6,102,B,Y,,H,,WakhanNP 768,36.935475,72.593515,C3_Sarkand,2012,11,18,0,0,WCS Afghanistan,evebohnett,Panthera,uncia
a4788f1d-304e-4dd8-abbf-246dc232f7eb,102,L,,,H,,WakhanNP 769,36.935475,72.593515,C3_Sarkand,2012,11,18,0,0,WCS Afghanistan,evebohnett,Panthera,uncia
39ab6346-1dac-4f61-8873-6fbfb236ca7a,102,L,,,H,,WakhanNP 771,36.935475,72.593515,C3_Sarkand,2012,11,18,0,0,WCS Afghanistan,evebohnett,Panthera,uncia
41057b34-2120-4154-995a-3bc4212196d6,102,L,,F,H,,WakhanNP 773,36.935475,72.593515,C3_Sarkand,2012,11,18,0,0,WCS Afghanistan,evebohnett,Panthera,uncia
6b455133-0521-4575-bf61-23009b920737,102,B,Y,F,H,,WakhanNP 775,36.935475,72.593515,C3_Sarkand,2012,11,24,0,0,WCS Afghanistan,evebohnett,Panthera,uncia
2d259543-d702-4529-bfa4-56a439038b75,102,B,Y,,H,,WakhanNP 781,36.935475,72.593515,C3_Sarkand,2012,11,24,0,0,WCS Afghanistan,evebohnett,Panthera,uncia
389b149e-d988-4f2c-b64d-04ca2c532c90,114,R,,F,H,,WakhanNP 765,36.935475,72.593515,C3_Sarkand,2013,1,14,0,0,WCS Afghanistan,evebohnett,Panthera,uncia
3809df01-78d1-48fd-affd-d107722879b8,114,L,Y,,H,,WakhanNP 766,36.935475,72.593515,C3_Sarkand,2013,1,14,0,0,WCS Afghanistan,evebohnett,Panthera,uncia
385305ec-8883-4cea-873c-1c821413f73d,114,R,Y,,H,,WakhanNP 770,36.935475,72.593515,C3_Sarkand,2013,1,14,0,0,WCS Afghanistan,evebohnett,Panthera,uncia
06617f36-c4c0-46ed-b513-6fac7f5ad324,114,R,,,H,,WakhanNP 772,36.935475,72.593515,C3_Sarkand,2013,1,14,0,0,WCS Afghanistan,evebohnett,Panthera,uncia
aebc4aee-fcfa-4c94-926e-c5be83eda33f,114,L,,F,H,,WakhanNP 774,36.935475,72.593515,C3_Sarkand,2013,1,14,0,0,WCS Afghanistan,evebohnett,Panthera,uncia
1e961388-9dd9-4e93-a67b-0441ee4b7eee,114,B,Y,F,H,,WakhanNP 777,36.935475,72.593515,C3_Sarkand,2013,1,14,0,0,WCS Afghanistan,evebohnett,Panthera,uncia
7a107a31-0145-4325-87f4-d45bf327d8fb,114,L,,,H,,WakhanNP 778,36.935475,72.593515,C3_Sarkand,2013,1,14,0,0,WCS Afghanistan,evebohnett,Panthera,uncia
442bb1fd-e911-4af4-8303-820943876720,114,L,,F,H,,WakhanNP 779,36.935475,72.593515,C3_Sarkand,2013,1,14,0,0,WCS Afghanistan,evebohnett,Panthera,uncia
a748ae53-13b0-4f16-b7a6-27d27a4e59df,114,L,Y,,H,,WakhanNP 780,36.935475,72.593515,C3_Sarkand,2013,1,14,0,0,WCS Afghanistan,evebohnett,Panthera,uncia
ec8cb496-f7c3-4a69-af06-19616cd77418,138,R,,F,H,,WakhanNP 782,36.797799,72.042626,C30_Wargand_Payan,2013,2,24,0,0,WCS Afghanistan,evebohnett,Panthera,uncia
17d4023a-e4cb-4ac7-8405-5bc1066dbfef,124,B,Y,,H,,WakhanNP 790,36.808617,72.093223,C32_Wargand_Bala,2013,2,17,0,0,WCS Afghanistan,evebohnett,Panthera,uncia
537ff83a-a39a-4719-89f9-c9c3d1db88ba,102,L,,F,H,,WakhanNP 805,36.964195,72.697397,C35_Avgarch,2012,11,26,0,0,WCS Afghanistan,evebohnett,Panthera,uncia
2f0ccf0e-a741-4bca-b09e-d01d5cc4b055,102,L,,F,M,,WakhanNP 806,36.964195,72.697397,C35_Avgarch,2012,11,29,0,0,WCS Afghanistan,evebohnett,Panthera,uncia
52c91d19-1a39-44b2-9883-3768272878a6,102,F,,F,L,,WakhanNP 812,36.96906,72.457174,C38_Paquoy,2012,11,29,0,0,WCS Afghanistan,evebohnett,Panthera,uncia
4c239c39-afd7-47bc-8622-9cfbe9f46457,114,L,Y,,,,WakhanNP 810,36.96906,72.457174,C38_Paquoy,2013,1,14,0,0,WCS Afghanistan,evebohnett,Panthera,uncia
3048dcaf-be8a-49fe-9d94-0a7a60158e76,114,B,Y,F,M,,WakhanNP 811,36.96906,72.457174,C38_Paquoy,2013,1,16,0,0,WCS Afghanistan,evebohnett,Panthera,uncia
e0d7813b-1a64-407c-9f86-e865fd5f7ec1,114,R,,,H,,WakhanNP 814,36.96906,72.457174,C38_Paquoy,2013,1,16,0,0,WCS Afghanistan,evebohnett,Panthera,uncia
f0624989-cad4-4f74-82e2-6f4a9644f26b,114,B,Y,,H,,WakhanNP 817,36.961968,72.478759,C4_Paquoy,2013,1,16,0,0,WCS Afghanistan,evebohnett,Panthera,uncia
c956ecad-46f7-4bd1-9e4a-8e94d44abb9d,102,F,,F,H,,WakhanNP 824,36.961052,72.498072,C4_Paquoy_Shoopk,2012,11,29,0,0,WCS Afghanistan,evebohnett,Panthera,uncia
24f3f5df-0f47-47e7-8ed3-c5f64d96773b,102,F,,F,M,,WakhanNP 825,36.961052,72.498072,C4_Paquoy_Shoopk,2012,11,30,0,0,WCS Afghanistan,evebohnett,Panthera,uncia
0d436f33-f01a-464d-a689-882b2c9f8636,123,L,Y,,M,,WakhanNP 821,36.961052,72.498072,C4_Paquoy_Shoopk,2013,2,2,0,0,WCS Afghanistan,evebohnett,Panthera,uncia
1f243107-9ac2-4d8a-b3c7-488f3082d492,124,R,Y,,H,,WakhanNP 822,36.961052,72.498072,C4_Paquoy_Shoopk,2013,2,17,0,0,WCS Afghanistan,evebohnett,Panthera,uncia
9ed4fcc5-47e4-46ba-b096-00a930cc1ea4,102,F,,F,H,,WakhanNP 834,36.963153,72.535143,C41_Pak,2012,12,2,0,0,WCS Afghanistan,evebohnett,Panthera,uncia
60e5f8ba-d9a0-4ae5-b78c-fd6a937fdc5b,101,L,,F,L,,WakhanNP 837,36.939445,72.679718,C42_Pikut,2012,11,11,0,0,WCS Afghanistan,evebohnett,Panthera,uncia
5c7e9c7a-580d-4126-bfd8-91ff49d4ea00,101,R,,F,M,,WakhanNP 838,36.939445,72.679718,C42_Pikut,2012,11,13,0,0,WCS Afghanistan,evebohnett,Panthera,uncia
3d1d8941-8b96-4050-b6eb-dbc86f51577b,102,L,,F,M,,WakhanNP 836,36.939445,72.679718,C42_Pikut,2012,12,3,0,0,WCS Afghanistan,evebohnett,Panthera,uncia
4ff8c51e-aec8-4809-8688-fbaedbb849be,102,L,,F,H,,WakhanNP 839,36.962674,72.710572,C45_Avgach,2012,12,3,0,0,WCS Afghanistan,evebohnett,Panthera,uncia
9f5d0b86-f4e1-46e8-bf28-05d3443e90a8,102,L,Y,,M,,WakhanNP 840,36.962674,72.710572,C45_Avgach,2012,12,3,0,0,WCS Afghanistan,evebohnett,Panthera,uncia
c09faea6-c77f-41eb-99b9-8d58320ad954,102,R,,F,M,,WakhanNP 843,36.962674,72.710572,C45_Avgach,2012,12,3,0,0,WCS Afghanistan,evebohnett,Panthera,uncia
b2ffae2a-33bd-45de-8c2d-ef44803e3e43,102,B,Y,,M,,WakhanNP 844,36.962674,72.710572,C45_Avgach,2012,12,5,0,0,WCS Afghanistan,evebohnett,Panthera,uncia
bab54d97-0d0a-4c9a-b636-000dcce5041d,106,R,,,H,,WakhanNP 841,36.962674,72.710572,C45_Avgach,2012,12,5,0,0,WCS Afghanistan,evebohnett,Panthera,uncia
0d158e05-4e84-4b9d-a83d-e84ef5e0baa8,110,B,,,H,,WakhanNP 849,36.975477,72.516784,C46_Pak,2012,12,28,0,0,WCS Afghanistan,evebohnett,Panthera,uncia
5a6445ab-a67f-4129-aaa5-f127721041bc,114,L,,F,H,,WakhanNP 845,36.975477,72.516784,C46_Pak,2013,1,16,0,0,WCS Afghanistan,evebohnett,Panthera,uncia
6079d3bf-343b-4e9b-b3ec-400e6549b8d2,114,L,Y,,H,,WakhanNP 846,36.975477,72.516784,C46_Pak,2013,1,17,0,0,WCS Afghanistan,evebohnett,Panthera,uncia
4e624eed-8e9d-400a-bf42-518036f9c302,114,R,,,H,,WakhanNP 847,36.975477,72.516784,C46_Pak,2013,1,17,0,0,WCS Afghanistan,evebohnett,Panthera,uncia
a0c2aaf2-3daf-42e2-9de7-68e6c75a649d,114,R,Y,,H,,WakhanNP 848,36.975477,72.516784,C46_Pak,2013,1,17,0,0,WCS Afghanistan,evebohnett,Panthera,uncia
a1256484-9cb2-4b0e-a251-58824a9db145,114,R,Y,,H,,WakhanNP 851,36.936278,72.425573,C5_Ishmorgh,2013,1,17,0,0,WCS Afghanistan,evebohnett,Panthera,uncia
f3cc5663-b6a3-4606-b8c5-39c8a32ec1f8,114,B,,F,H,,WakhanNP 854,36.936278,72.425573,C5_Ishmorgh,2013,1,17,0,0,WCS Afghanistan,evebohnett,Panthera,uncia
935398d7-a361-4ef0-89d8-78fe537a8959,114,B,,,H,,WakhanNP 855,36.936278,72.425573,C5_Ishmorgh,2013,1,17,0,0,WCS Afghanistan,evebohnett,Panthera,uncia
0ad1f477-e319-4101-ad35-5656f91338fb,106,B,Y,,H,,WakhanNP 858,36.937368,72.81342,C6_Sast,2012,12,5,0,0,WCS Afghanistan,evebohnett,Panthera,uncia
6be1c0d5-8c00-4195-9f58-600661a4af04,114,L,,,H,,WakhanNP 860,36.940129,72.436132,C7_Ishmorgh,2013,1,20,0,0,WCS Afghanistan,evebohnett,Panthera,uncia
9e35306a-8518-4e53-bbb9-83b0287fc583,114,L,Y,,H,,WakhanNP 862,36.940129,72.436132,C7_Ishmorgh,2013,1,20,0,0,WCS Afghanistan,evebohnett,Panthera,uncia
b45438b5-f9a2-4828-9a8e-b0f10bf144ff,114,R,Y,,H,,WakhanNP 865,36.940129,72.436132,C7_Ishmorgh,2013,1,20,0,0,WCS Afghanistan,evebohnett,Panthera,uncia
aacf6fb4-ec71-4b78-958b-e2f5440af7bc,114,T,Y,,H,,WakhanNP 867,36.940129,72.436132,C7_Ishmorgh,2013,1,20,0,0,WCS Afghanistan,evebohnett,Panthera,uncia
7eb2e21f-4448-4403-9875-9a98c28d607f,114,T,Y,,H,,WakhanNP 870,36.940129,72.436132,C7_Ishmorgh,2013,1,20,0,0,WCS Afghanistan,evebohnett,Panthera,uncia
a9ae89f8-5d1c-4677-8901-8cd2b245e249,114,T,Y,,H,,WakhanNP 871,36.940129,72.436132,C7_Ishmorgh,2013,1,20,0,0,WCS Afghanistan,evebohnett,Panthera,uncia
2502f702-2b91-4045-b7a9-92aca6f31246,114,T,Y,,H,,WakhanNP 872,36.940129,72.436132,C7_Ishmorgh,2013,1,20,0,0,WCS Afghanistan,evebohnett,Panthera,uncia
fc3064dc-c8f0-4a60-9510-30ddfc70b80d,114,B,,,H,,WakhanNP 873,36.940129,72.436132,C7_Ishmorgh,2013,1,24,0,0,WCS Afghanistan,evebohnett,Panthera,uncia
0048d304-8ad7-48b2-b003-801064ce92ee,114,B,Y,F,H,,WakhanNP 874,36.940129,72.436132,C7_Ishmorgh,2013,1,24,0,0,WCS Afghanistan,evebohnett,Panthera,uncia
57983cb7-2143-4307-a9bb-b4e5b1ee9956,114,R,Y,,H,,WakhanNP 876,36.930173,72.456346,C8_Ishmorgh,2013,1,24,0,0,WCS Afghanistan,evebohnett,Panthera,uncia
d1be92a9-04d3-4d05-bee4-954685957eff,114,L,,,H,,WakhanNP 877,36.930173,72.456346,C8_Ishmorgh,2013,1,24,0,0,WCS Afghanistan,evebohnett,Panthera,uncia
cf827049-8189-4daa-974a-e49ac7848c86,114,R,,,M,,WakhanNP 878,36.930173,72.456346,C8_Ishmorgh,2013,1,25,0,0,WCS Afghanistan,evebohnett,Panthera,uncia
28ba6114-0637-4a7a-9940-42a56b198a99,114,R,,,M,,WakhanNP 879,36.930173,72.456346,C8_Ishmorgh,2013,1,26,0,0,WCS Afghanistan,evebohnett,Panthera,uncia
